{
  "timestamp": "2025-11-06T20:02:56.335488",
  "checkpoint": {
    "path": "./checkpoints/best_model.pth",
    "epoch": 295,
    "best_training_acc": 66.65
  },
  "metrics": {
    "overall_accuracy": 66.64999999999999,
    "top5_accuracy": 87.05000000000001,
    "per_class_accuracy": [
      86.0,
      84.0,
      59.0,
      51.0,
      48.0,
      64.0,
      70.0,
      67.0,
      77.0,
      76.0,
      38.0,
      51.0,
      73.0,
      59.0,
      52.0,
      67.0,
      61.0,
      83.0,
      54.0,
      57.99999999999999,
      84.0,
      83.0,
      68.0,
      83.0,
      84.0,
      55.00000000000001,
      62.0,
      54.0,
      79.0,
      59.0,
      63.0,
      69.0,
      64.0,
      52.0,
      71.0,
      40.0,
      75.0,
      70.0,
      54.0,
      89.0,
      59.0,
      86.0,
      63.0,
      85.0,
      33.0,
      52.0,
      38.0,
      65.0,
      88.0,
      81.0,
      44.0,
      70.0,
      73.0,
      94.0,
      82.0,
      36.0,
      83.0,
      73.0,
      76.0,
      62.0,
      85.0,
      68.0,
      72.0,
      63.0,
      46.0,
      48.0,
      60.0,
      51.0,
      94.0,
      82.0,
      61.0,
      82.0,
      28.999999999999996,
      51.0,
      52.0,
      88.0,
      89.0,
      59.0,
      61.0,
      61.0,
      46.0,
      64.0,
      87.0,
      71.0,
      56.99999999999999,
      73.0,
      67.0,
      77.0,
      80.0,
      83.0,
      71.0,
      79.0,
      61.0,
      47.0,
      93.0,
      78.0,
      60.0,
      63.0,
      52.0,
      75.0
    ],
    "mean_class_accuracy": 66.65,
    "std_class_accuracy": 14.935444419233061,
    "min_class_accuracy": 28.999999999999996,
    "max_class_accuracy": 94.0
  }
}