{
  "train_loss": [
    1.848955655646751,
    1.6097193377097245,
    1.4849889439999904,
    1.4036752012989404,
    1.3458281057265105,
    1.3019453332857098,
    1.2664180170849462,
    1.238992527622701,
    1.2166121243820776,
    1.195940699876117,
    1.1749703812477228,
    1.1576360672940988,
    1.1419438038335736,
    1.126589956795773,
    1.1153723006053349,
    1.0983857965225454,
    1.0839570762251345,
    1.072057500824599,
    1.063231372924717,
    1.0470797527781532,
    1.041267143186096,
    1.030013312464175,
    1.020337883163901,
    1.0144780301072103,
    1.0029829463080677,
    0.9972427450787381,
    0.9927070549381968,
    0.9852625771861552,
    0.9752068993685495,
    0.9695180070674633,
    0.9668294920031067,
    0.9550799610059889,
    0.949764575037505,
    0.9542307815588343,
    0.946123789186063,
    0.941107502373893,
    0.9393461160647595,
    0.9332026386504892,
    0.9363055178881301,
    0.9315700785583242,
    0.9274085089373771,
    0.9219895349744031,
    0.9244340976790699,
    0.9218513334498686,
    0.9242213859277613,
    0.9251626664415344,
    0.9213497766753291,
    0.9214469862106206,
    0.9186052712028289,
    0.9148318473335422
  ],
  "train_acc": [
    30.55,
    39.998,
    45.192,
    48.134,
    50.818,
    52.466,
    53.782,
    55.076,
    55.848,
    56.484,
    57.51,
    58.144,
    58.732,
    59.204,
    59.692,
    60.566,
    60.868,
    61.464,
    61.604,
    62.314,
    62.53,
    62.956,
    63.266,
    63.38,
    63.82,
    63.982,
    64.274,
    64.39,
    64.944,
    65.292,
    65.142,
    65.802,
    65.792,
    65.588,
    66.014,
    66.126,
    66.13,
    66.394,
    66.342,
    66.376,
    66.616,
    66.716,
    66.714,
    66.738,
    66.85,
    66.682,
    66.994,
    66.758,
    67.0,
    67.106
  ],
  "val_loss": [
    1.6667350047751317,
    1.5461670431909682,
    1.437878581542003,
    1.3507460778272604,
    1.3257517588289478,
    1.2886346427700188,
    1.2504457461683056,
    1.2238635730139817,
    1.1955883502960205,
    1.2002441815183134,
    1.1697846402095844,
    1.180368517773061,
    1.1527655871608589,
    1.137724047974695,
    1.1286066408398785,
    1.1377050665360462,
    1.111567250535458,
    1.1173085864586165,
    1.1005064452750772,
    1.0980706690232964,
    1.0821624375596832,
    1.0822031052806709,
    1.0794392047049124,
    1.0808434094054788,
    1.0667200163949895,
    1.07669922294496,
    1.0684391909007784,
    1.0558892330036889,
    1.0540810499010207,
    1.069582159760632,
    1.061397996129869,
    1.059027451503126,
    1.0442912322056443,
    1.0384970850582365,
    1.0447781282135202,
    1.0420241944397552,
    1.0401694721813444,
    1.0412551111812833,
    1.0391334876229492,
    1.0362628026853633,
    1.0391659200945986,
    1.0372402502011648,
    1.036510715001746,
    1.0368615283241756,
    1.0384347521806065,
    1.0358161541480053,
    1.0367577619190458,
    1.0352130441726008,
    1.0363634900201726,
    1.036720979817306
  ],
  "val_acc": [
    38.5,
    42.42,
    47.7,
    50.46,
    51.84,
    53.69,
    54.77,
    55.94,
    57.14,
    57.33,
    58.27,
    57.76,
    59.01,
    59.1,
    59.73,
    59.32,
    60.28,
    60.68,
    60.72,
    60.62,
    61.65,
    61.59,
    61.87,
    62.12,
    62.48,
    61.99,
    61.84,
    62.84,
    62.77,
    62.2,
    62.59,
    63.13,
    63.22,
    63.29,
    63.51,
    63.28,
    63.41,
    62.97,
    63.29,
    63.39,
    63.43,
    63.66,
    63.44,
    63.57,
    63.43,
    63.47,
    63.61,
    63.64,
    63.53,
    63.56
  ]
}